author_url,author_name,rating,genres,isbn,ratingCount,title,year
https://www.goodreads.com/author/show/153394.Suzanne_Collins,Suzanne Collins,4.32,/genres/young-adult|/genres/fiction|/genres/science-fiction|/genres/dystopia|/genres/fantasy|/genres/science-fiction|/genres/romance|/genres/adventure|/genres/young-adult|/genres/teen|/genres/apocalyptic|/genres/post-apocalyptic|/genres/action,9780439023481,6577911,"The Hunger Games (The Hunger Games, #1)",2008
"https://www.goodreads.com/author/show/1077326.J_K_Rowling,https://www.goodreads.com/author/show/2927.Mary_GrandPr_","J.K. Rowling,Mary GrandPré",4.5,/genres/fantasy|/genres/young-adult|/genres/fiction|/genres/fantasy|/genres/magic|/genres/childrens|/genres/adventure|/genres/audiobook|/genres/childrens|/genres/middle-grade|/genres/classics|/genres/science-fiction-fantasy,9780439358071,2602580,"Harry Potter and the Order of the Phoenix (Harry Potter, #5)",2003
https://www.goodreads.com/author/show/1825.Harper_Lee,Harper Lee,4.28,/genres/classics|/genres/fiction|/genres/historical|/genres/historical-fiction|/genres/academic|/genres/school|/genres/literature|/genres/young-adult|/genres/historical|/genres/novels|/genres/academic|/genres/read-for-school|/genres/young-adult|/genres/high-school,NA,4664104,To Kill a Mockingbird,1960
"https://www.goodreads.com/author/show/1265.Jane_Austen,https://www.goodreads.com/author/show/3500.Anna_Quindlen","Jane Austen,Anna Quindlen",4.27,/genres/classics|/genres/fiction|/genres/romance|/genres/historical|/genres/historical-fiction|/genres/literature|/genres/historical|/genres/novels|/genres/romance|/genres/historical-romance|/genres/adult|/genres/classics|/genres/classic-literature,NA,3110248,Pride and Prejudice,1813
https://www.goodreads.com/author/show/941441.Stephenie_Meyer,Stephenie Meyer,3.61,/genres/young-adult|/genres/fantasy|/genres/romance|/genres/paranormal|/genres/vampires|/genres/fiction|/genres/fantasy|/genres/paranormal|/genres/romance|/genres/paranormal-romance|/genres/fantasy|/genres/supernatural|/genres/young-adult|/genres/teen|/genres/fantasy|/genres/urban-fantasy,9780316015844,5122025,"Twilight (Twilight, #1)",2005
https://www.goodreads.com/author/show/11466.Markus_Zusak,Markus Zusak,4.38,/genres/historical|/genres/historical-fiction|/genres/fiction|/genres/young-adult|/genres/historical|/genres/classics|/genres/war|/genres/world-war-ii|/genres/holocaust|/genres/war|/genres/world-war-ii|/genres/writing|/genres/books-about-books|/genres/audiobook,9780375831003,1903471,The Book Thief,2005
"https://www.goodreads.com/author/show/3706.George_Orwell,https://www.goodreads.com/author/show/1392861.Russell_Baker,https://www.goodreads.com/author/show/480685.C_M_Woodhouse","George Orwell,Russell Baker,C.M. Woodhouse",3.95,/genres/classics|/genres/fiction|/genres/science-fiction|/genres/dystopia|/genres/fantasy|/genres/literature|/genres/politics|/genres/academic|/genres/school|/genres/science-fiction|/genres/novels|/genres/academic|/genres/read-for-school,9780451526342,2848165,Animal Farm,1945
"https://www.goodreads.com/author/show/1069006.C_S_Lewis,https://www.goodreads.com/author/show/25523.Pauline_Baynes","C.S. Lewis,Pauline Baynes",4.26,/genres/fantasy|/genres/classics|/genres/fiction|/genres/young-adult|/genres/childrens|/genres/christian|/genres/adventure|/genres/childrens|/genres/middle-grade|/genres/science-fiction-fantasy|/genres/christian-fiction,NA,537035,"The Chronicles of Narnia (Chronicles of Narnia, #1-7)",1956
https://www.goodreads.com/author/show/656983.J_R_R_Tolkien,J.R.R. Tolkien,4.6,/genres/fantasy|/genres/fiction|/genres/classics|/genres/adventure|/genres/science-fiction-fantasy|/genres/fantasy|/genres/epic-fantasy|/genres/fantasy|/genres/high-fantasy|/genres/young-adult|/genres/literature|/genres/fantasy|/genres/magic,9780345538376,113065,J.R.R. Tolkien 4-Book Boxed Set: The Hobbit and The Lord of the Rings,1955
https://www.goodreads.com/author/show/1406384.John_Green,John Green,4.2,/genres/young-adult|/genres/romance|/genres/fiction|/genres/contemporary|/genres/realistic-fiction|/genres/young-adult|/genres/teen|/genres/young-adult|/genres/coming-of-age|/genres/novels|/genres/drama|/genres/love,NA,3697435,The Fault in Our Stars,2012
https://www.goodreads.com/author/show/11081.Margaret_Mitchell,Margaret Mitchell,4.3,/genres/classics|/genres/historical|/genres/historical-fiction|/genres/fiction|/genres/romance|/genres/historical|/genres/war|/genres/literature|/genres/military-history|/genres/civil-war|/genres/romance|/genres/historical-romance|/genres/novels,9780446675536,1093201,Gone with the Wind,1936
https://www.goodreads.com/author/show/4.Douglas_Adams,Douglas Adams,4.22,/genres/science-fiction|/genres/fiction|/genres/humor|/genres/fantasy|/genres/classics|/genres/humor|/genres/comedy|/genres/science-fiction-fantasy|/genres/audiobook|/genres/adventure|/genres/novels,NA,1485735,"The Hitchhiker's Guide to the Galaxy (Hitchhiker's Guide to the Galaxy, #1)",1979
https://www.goodreads.com/author/show/435477.Shel_Silverstein,Shel Silverstein,4.37,/genres/childrens|/genres/childrens|/genres/picture-books|/genres/classics|/genres/fiction|/genres/poetry|/genres/young-adult|/genres/fantasy|/genres/childrens|/genres/juvenile|/genres/kids|/genres/short-stories,9780060256654,932836,The Giving Tree,1964
"https://www.goodreads.com/author/show/4191.Emily_Bront_,https://www.goodreads.com/author/show/183563.Richard_J_Dunn,https://www.goodreads.com/author/show/1036615.Charlotte_Bront_,https://www.goodreads.com/author/show/8183260.Robert_Heindel","Emily Brontë,Richard J. Dunn,Charlotte Brontë,Robert Heindel",3.86,/genres/classics|/genres/fiction|/genres/romance|/genres/gothic|/genres/literature|/genres/historical|/genres/historical-fiction|/genres/literature|/genres/19th-century|/genres/novels|/genres/classics|/genres/classic-literature|/genres/historical,9780393978896,1384781,Wuthering Heights,1847
https://www.goodreads.com/author/show/630.Dan_Brown,Dan Brown,3.86,/genres/fiction|/genres/mystery|/genres/thriller|/genres/suspense|/genres/thriller|/genres/mystery-thriller|/genres/historical|/genres/historical-fiction|/genres/adventure|/genres/novels|/genres/mystery|/genres/crime|/genres/adult,NA,1984297,"The Da Vinci Code (Robert Langdon, #2)",2003
"https://www.goodreads.com/author/show/3565.Oscar_Wilde,https://www.goodreads.com/author/show/1467.Jeffrey_Eugenides","Oscar Wilde,Jeffrey Eugenides",4.09,/genres/classics|/genres/fiction|/genres/horror|/genres/fantasy|/genres/literature|/genres/gothic|/genres/novels|/genres/literature|/genres/19th-century|/genres/lgbt|/genres/classics|/genres/classic-literature,NA,1007107,The Picture of Dorian Gray,1890
https://www.goodreads.com/author/show/614.Arthur_Golden,Arthur Golden,4.12,/genres/fiction|/genres/historical|/genres/historical-fiction|/genres/romance|/genres/historical|/genres/classics|/genres/cultural|/genres/japan|/genres/adult|/genres/novels|/genres/cultural|/genres/asia|/genres/adult-fiction,9781400096893,1752039,Memoirs of a Geisha,1997
"https://www.goodreads.com/author/show/1036615.Charlotte_Bront_,https://www.goodreads.com/author/show/6674.Michael_Mason,https://www.goodreads.com/author/show/276797.Sylv_re_Monod,https://www.goodreads.com/author/show/2993424.Barnett_Freedman,https://www.goodreads.com/author/show/5833151.Radmila_Todorovi_","Charlotte Brontë,Michael Mason,Sylvère Monod,Barnett Freedman,Radmila Todorović",4.13,/genres/classics|/genres/fiction|/genres/romance|/genres/historical|/genres/historical-fiction|/genres/literature|/genres/gothic|/genres/historical|/genres/literature|/genres/19th-century|/genres/classics|/genres/classic-literature|/genres/academic|/genres/school,9780142437209,1672342,Jane Eyre,1847
"https://www.goodreads.com/author/show/8164.Lewis_Carroll,https://www.goodreads.com/author/show/180439.John_Tenniel,https://www.goodreads.com/author/show/7105.Martin_Gardner","Lewis Carroll,John Tenniel,Martin Gardner",4.06,/genres/classics|/genres/fantasy|/genres/fiction|/genres/childrens|/genres/young-adult|/genres/literature|/genres/adventure|/genres/childrens|/genres/middle-grade|/genres/novels|/genres/literature|/genres/19th-century,9780451527745,472610,Alice's Adventures in Wonderland / Through the Looking-Glass,1871
"https://www.goodreads.com/author/show/13661.Victor_Hugo,https://www.goodreads.com/author/show/655301.Lee_Fahnestock,https://www.goodreads.com/author/show/444488.Norman_MacAfee","Victor Hugo,Lee Fahnestock,Norman MacAfee",4.18,/genres/classics|/genres/fiction|/genres/historical|/genres/historical-fiction|/genres/literature|/genres/cultural|/genres/france|/genres/historical|/genres/novels|/genres/european-literature|/genres/french-literature|/genres/romance|/genres/classics|/genres/classic-literature,NA,695903,Les Misérables,1862
https://www.goodreads.com/author/show/1630.Ray_Bradbury,Ray Bradbury,3.99,/genres/classics|/genres/fiction|/genres/science-fiction|/genres/science-fiction|/genres/dystopia|/genres/academic|/genres/school|/genres/literature|/genres/novels|/genres/fantasy|/genres/adult|/genres/science-fiction-fantasy,NA,1747686,Fahrenheit 451,1953
https://www.goodreads.com/author/show/4039811.Veronica_Roth,Veronica Roth,4.19,/genres/young-adult|/genres/science-fiction|/genres/dystopia|/genres/fiction|/genres/fantasy|/genres/science-fiction|/genres/romance|/genres/adventure|/genres/young-adult|/genres/teen|/genres/apocalyptic|/genres/post-apocalyptic|/genres/action,9780062024039,3011198,"Divergent (Divergent, #1)",2011
https://www.goodreads.com/author/show/306.William_Golding,William Golding,3.69,/genres/classics|/genres/fiction|/genres/young-adult|/genres/academic|/genres/school|/genres/literature|/genres/science-fiction|/genres/dystopia|/genres/novels|/genres/academic|/genres/read-for-school|/genres/young-adult|/genres/high-school|/genres/adventure,9780140283334,2327976,Lord of the Flies,1954
"https://www.goodreads.com/author/show/566.Paulo_Coelho,https://www.goodreads.com/author/show/488758.Alan_R_Clarke,https://www.goodreads.com/author/show/3849945.James_Noel_Smith","Paulo Coelho,Alan R. Clarke,James Noel Smith",3.88,/genres/fiction|/genres/classics|/genres/fantasy|/genres/philosophy|/genres/novels|/genres/spirituality|/genres/literature|/genres/self-help|/genres/adventure|/genres/inspirational,9780062315007,2196244,The Alchemist,1988
"https://www.goodreads.com/author/show/947.William_Shakespeare,https://www.goodreads.com/author/show/8140.Paul_Werstine,https://www.goodreads.com/author/show/569383.Barbara_A_Mowat,https://www.goodreads.com/author/show/7859710.Paavo_Emil_Cajander","William Shakespeare,Paul Werstine,Barbara A. Mowat,Paavo Emil Cajander",3.75,/genres/classics|/genres/plays|/genres/fiction|/genres/romance|/genres/academic|/genres/school|/genres/drama|/genres/academic|/genres/read-for-school|/genres/literature|/genres/young-adult|/genres/high-school|/genres/poetry,9780743477116,2105649,Romeo and Juliet,1595
https://www.goodreads.com/author/show/12898.Stephen_Chbosky,Stephen Chbosky,4.2,/genres/young-adult|/genres/fiction|/genres/contemporary|/genres/young-adult|/genres/coming-of-age|/genres/romance|/genres/realistic-fiction|/genres/classics|/genres/lgbt|/genres/health|/genres/mental-health|/genres/young-adult|/genres/teen,NA,1291247,The Perks of Being a Wallflower,1999
"https://www.goodreads.com/author/show/3190.F_Scott_Fitzgerald,https://www.goodreads.com/author/show/18626843.Francis_Scott_Fitzgerald","F. Scott Fitzgerald,Francis Scott Fitzgerald,F. Scott Fitzgerald,Wesley Morris",3.93,/genres/classics|/genres/fiction|/genres/academic|/genres/school|/genres/historical|/genres/historical-fiction|/genres/literature|/genres/romance|/genres/novels|/genres/academic|/genres/read-for-school|/genres/young-adult|/genres/high-school|/genres/literature|/genres/american,NA,3906422,The Great Gatsby,1925
https://www.goodreads.com/author/show/3137322.Fyodor_Dostoyevsky,Fyodor Dostoyevsky,4.23,/genres/classics|/genres/fiction|/genres/cultural|/genres/russia|/genres/literature|/genres/literature|/genres/russian-literature|/genres/novels|/genres/philosophy|/genres/mystery|/genres/crime|/genres/literature|/genres/19th-century|/genres/academic|/genres/school,9780143058144,651679,Crime and Punishment,1866
https://www.goodreads.com/author/show/150038.Cassandra_Clare,Cassandra Clare,4.09,/genres/fantasy|/genres/young-adult|/genres/fantasy|/genres/paranormal|/genres/romance|/genres/fantasy|/genres/urban-fantasy|/genres/fiction|/genres/paranormal|/genres/vampires|/genres/fantasy|/genres/supernatural|/genres/paranormal|/genres/angels|/genres/fantasy|/genres/magic,9781416914280,1665936,"City of Bones (The Mortal Instruments, #1)",2007
"https://www.goodreads.com/author/show/1077326.J_K_Rowling,https://www.goodreads.com/author/show/2927.Mary_GrandPr_","J.K. Rowling,Mary GrandPré",4.48,/genres/fantasy|/genres/fiction|/genres/young-adult|/genres/fantasy|/genres/magic|/genres/childrens|/genres/childrens|/genres/middle-grade|/genres/adventure|/genres/classics|/genres/audiobook|/genres/science-fiction-fantasy,NA,7344627,"Harry Potter and the Sorcerer's Stone (Harry Potter, #1)",1997
https://www.goodreads.com/author/show/1943477.Kathryn_Stockett,Kathryn Stockett,4.46,/genres/fiction|/genres/historical|/genres/historical-fiction|/genres/historical|/genres/adult|/genres/adult-fiction|/genres/contemporary|/genres/classics|/genres/audiobook|/genres/book-club|/genres/womens-fiction|/genres/chick-lit,NA,2232656,The Help,2009
"https://www.goodreads.com/author/show/589.Orson_Scott_Card,https://www.goodreads.com/author/show/44767.Stefan_Rudnicki,https://www.goodreads.com/author/show/7415.Harlan_Ellison","Orson Scott Card,Stefan Rudnicki,Harlan Ellison",4.3,/genres/science-fiction|/genres/fiction|/genres/young-adult|/genres/fantasy|/genres/classics|/genres/science-fiction-fantasy|/genres/science-fiction|/genres/dystopia|/genres/war|/genres/audiobook|/genres/adventure,9780812550702,1163501,"Ender's Game (Ender's Saga, #1)",1985
"https://www.goodreads.com/author/show/1020792.Antoine_de_Saint_Exup_ry,https://www.goodreads.com/author/show/27112.Richard_Howard,https://www.goodreads.com/author/show/4144064.Ivan_Minatti,https://www.goodreads.com/author/show/17965390.Nguy_n_Th_nh_V_","Antoine de Saint-Exupéry,Richard Howard,Ivan Minatti,Nguyễn Thành Vũ",4.31,/genres/classics|/genres/fiction|/genres/fantasy|/genres/childrens|/genres/cultural|/genres/france|/genres/young-adult|/genres/philosophy|/genres/literature|/genres/childrens|/genres/middle-grade|/genres/european-literature|/genres/french-literature,NA,1440013,The Little Prince,1943
https://www.goodreads.com/author/show/5350.L_M_Montgomery,L.M. Montgomery,4.26,/genres/classics|/genres/fiction|/genres/young-adult|/genres/childrens|/genres/historical|/genres/historical-fiction|/genres/childrens|/genres/middle-grade|/genres/historical|/genres/audiobook|/genres/cultural|/genres/canada|/genres/young-adult|/genres/coming-of-age,9780451528827,756255,"Anne of Green Gables (Anne of Green Gables, #1)",1908
"https://www.goodreads.com/author/show/988142.E_B_White,https://www.goodreads.com/author/show/30916.Garth_Williams,https://www.goodreads.com/author/show/3105.Rosemary_Wells","E.B. White,Garth Williams,Rosemary Wells",4.18,/genres/classics|/genres/childrens|/genres/fiction|/genres/young-adult|/genres/fantasy|/genres/animals|/genres/childrens|/genres/middle-grade|/genres/childrens|/genres/juvenile|/genres/academic|/genres/school|/genres/childrens|/genres/chapter-books,9780064410939,1464547,Charlotte's Web,1952
https://www.goodreads.com/author/show/585.John_Steinbeck,John Steinbeck,3.88,/genres/classics|/genres/fiction|/genres/academic|/genres/school|/genres/historical|/genres/historical-fiction|/genres/literature|/genres/academic|/genres/read-for-school|/genres/novels|/genres/young-adult|/genres/high-school|/genres/literature|/genres/american|/genres/classics|/genres/classic-literature,9780142000670,1997882,Of Mice and Men,1937
https://www.goodreads.com/author/show/498072.Audrey_Niffenegger,Audrey Niffenegger,3.98,/genres/fiction|/genres/romance|/genres/fantasy|/genres/science-fiction|/genres/time-travel|/genres/science-fiction|/genres/contemporary|/genres/adult|/genres/womens-fiction|/genres/chick-lit|/genres/adult-fiction|/genres/magical-realism,NA,1605572,The Time Traveler's Wife,2003
"https://www.goodreads.com/author/show/6988.Bram_Stoker,https://www.goodreads.com/author/show/28273.Nina_Auerbach,https://www.goodreads.com/author/show/44926.David_J_Skal","Bram Stoker,Nina Auerbach,David J. Skal",4.0,/genres/classics|/genres/horror|/genres/fiction|/genres/fantasy|/genres/paranormal|/genres/vampires|/genres/gothic|/genres/fantasy|/genres/paranormal|/genres/literature|/genres/audiobook|/genres/literature|/genres/19th-century,9780393970128,972395,Dracula,1897
https://www.goodreads.com/author/show/3487.Aldous_Huxley,Aldous Huxley,3.99,/genres/classics|/genres/fiction|/genres/science-fiction|/genres/science-fiction|/genres/dystopia|/genres/literature|/genres/novels|/genres/academic|/genres/school|/genres/fantasy|/genres/philosophy|/genres/science-fiction-fantasy,9780060929879,1485298,Brave New World,1932
"https://www.goodreads.com/author/show/13450.Gabriel_Garc_a_M_rquez,https://www.goodreads.com/author/show/50060.Gregory_Rabassa,https://www.goodreads.com/author/show/4119591.Se_kin_Selvi","Gabriel García Márquez,Gregory Rabassa,Seçkin Selvi",4.08,/genres/fiction|/genres/classics|/genres/magical-realism|/genres/literature|/genres/novels|/genres/fantasy|/genres/historical|/genres/historical-fiction|/genres/european-literature|/genres/spanish-literature|/genres/literary-fiction|/genres/cultural|/genres/latin-american,NA,775011,One Hundred Years of Solitude,1967
https://www.goodreads.com/author/show/15872.Rick_Riordan,Rick Riordan,4.26,/genres/fantasy|/genres/young-adult|/genres/fantasy|/genres/mythology|/genres/fiction|/genres/childrens|/genres/middle-grade|/genres/adventure|/genres/childrens|/genres/fantasy|/genres/urban-fantasy|/genres/mythology|/genres/greek-mythology|/genres/fantasy|/genres/magic,9780786838653,2076038,"The Lightning Thief (Percy Jackson and the Olympians, #1)",2005
https://www.goodreads.com/author/show/819789.J_D_Salinger,J.D. Salinger,3.81,/genres/classics|/genres/fiction|/genres/young-adult|/genres/literature|/genres/academic|/genres/school|/genres/novels|/genres/young-adult|/genres/coming-of-age|/genres/young-adult|/genres/high-school|/genres/literature|/genres/american|/genres/academic|/genres/read-for-school,9780316769174,2816361,The Catcher in the Rye,1951
https://www.goodreads.com/author/show/12521.William_Goldman,William Goldman,4.25,/genres/fantasy|/genres/fiction|/genres/classics|/genres/romance|/genres/humor|/genres/young-adult|/genres/adventure|/genres/science-fiction-fantasy|/genres/humor|/genres/comedy|/genres/fantasy|/genres/fairy-tales,9780345418265,797659,The Princess Bride,1973
https://www.goodreads.com/author/show/2041.Frances_Hodgson_Burnett,Frances Hodgson Burnett,4.13,/genres/classics|/genres/fiction|/genres/childrens|/genres/young-adult|/genres/historical|/genres/historical-fiction|/genres/childrens|/genres/middle-grade|/genres/literature|/genres/fantasy|/genres/historical|/genres/audiobook,9780517189603,923490,The Secret Garden,1910
https://www.goodreads.com/author/show/569.Khaled_Hosseini,Khaled Hosseini,4.38,/genres/fiction|/genres/historical|/genres/historical-fiction|/genres/contemporary|/genres/novels|/genres/historical|/genres/war|/genres/adult-fiction|/genres/adult|/genres/drama|/genres/literature,9781594489501,1187505,A Thousand Splendid Suns,2007
https://www.goodreads.com/author/show/346732.George_R_R_Martin,George R.R. Martin,4.44,/genres/fantasy|/genres/fiction|/genres/fantasy|/genres/epic-fantasy|/genres/adult|/genres/science-fiction-fantasy|/genres/fantasy|/genres/high-fantasy|/genres/adventure|/genres/fantasy|/genres/dragons|/genres/audiobook|/genres/epic,9780553588484,2058086,"A Game of Thrones (A Song of Ice and Fire, #1)",1996
https://www.goodreads.com/author/show/106.Madeleine_L_Engle,Madeleine L'Engle,3.99,/genres/fantasy|/genres/fiction|/genres/classics|/genres/young-adult|/genres/science-fiction|/genres/childrens|/genres/childrens|/genres/middle-grade|/genres/science-fiction|/genres/time-travel|/genres/adventure|/genres/science-fiction-fantasy,9781250153272,1072193,"A Wrinkle in Time (Time Quintet, #1)",1962
"https://www.goodreads.com/author/show/1244.Mark_Twain,https://www.goodreads.com/author/show/2022.Guy_Cardwell,https://www.goodreads.com/author/show/22653.John_Seelye,https://www.goodreads.com/author/show/35675.Walter_Trier","Mark Twain,Guy Cardwell,John Seelye,Walter Trier",3.82,/genres/classics|/genres/fiction|/genres/historical|/genres/historical-fiction|/genres/literature|/genres/young-adult|/genres/adventure|/genres/academic|/genres/school|/genres/novels|/genres/academic|/genres/read-for-school|/genres/literature|/genres/american,9780142437179,1167709,The Adventures of Huckleberry Finn,1884
https://www.goodreads.com/author/show/762707.S_E_Hinton,S.E. Hinton,4.1,/genres/classics|/genres/young-adult|/genres/fiction|/genres/academic|/genres/school|/genres/realistic-fiction|/genres/academic|/genres/read-for-school|/genres/young-adult|/genres/coming-of-age|/genres/historical|/genres/historical-fiction|/genres/contemporary|/genres/young-adult|/genres/teen,NA,972725,The Outsiders,1967
https://www.goodreads.com/author/show/316.Alice_Sebold,Alice Sebold,3.82,/genres/fiction|/genres/mystery|/genres/young-adult|/genres/contemporary|/genres/fantasy|/genres/mystery|/genres/crime|/genres/adult-fiction|/genres/adult|/genres/drama|/genres/thriller,9780316166683,2062362,The Lovely Bones,2002
https://www.goodreads.com/author/show/4489.Maurice_Sendak,Maurice Sendak,4.22,/genres/childrens|/genres/childrens|/genres/picture-books|/genres/fiction|/genres/classics|/genres/fantasy|/genres/adventure|/genres/young-adult|/genres/animals|/genres/kids|/genres/folklore|/genres/monsters,9780099408390,842058,Where the Wild Things Are,1963
https://www.goodreads.com/author/show/61105.Dr_Seuss,Dr. Seuss,4.29,/genres/childrens|/genres/childrens|/genres/picture-books|/genres/classics|/genres/fiction|/genres/poetry|/genres/fantasy|/genres/humor|/genres/kids|/genres/food-and-drink|/genres/food|/genres/young-adult,9780394800165,639123,Green Eggs and Ham,1960
"https://www.goodreads.com/author/show/903.Homer,https://www.goodreads.com/author/show/1005.Robert_Fagles,https://www.goodreads.com/author/show/280215.Bernard_Knox","Homer,Robert Fagles,Bernard Knox",3.78,/genres/classics|/genres/fiction|/genres/poetry|/genres/fantasy|/genres/mythology|/genres/fantasy|/genres/academic|/genres/school|/genres/literature|/genres/adventure|/genres/academic|/genres/read-for-school|/genres/historical|/genres/historical-fiction,9780143039952,882085,The Odyssey,-800
https://www.goodreads.com/author/show/811.Yann_Martel,Yann Martel,3.92,/genres/fiction|/genres/fantasy|/genres/classics|/genres/adventure|/genres/contemporary|/genres/novels|/genres/literature|/genres/magical-realism|/genres/cultural|/genres/india|/genres/philosophy,9780770430078,1373586,Life of Pi,2001
"https://www.goodreads.com/author/show/239579.Charles_Dickens,https://www.goodreads.com/author/show/61986.Richard_Maxwell","Charles Dickens,Richard Maxwell",3.85,/genres/classics|/genres/fiction|/genres/historical|/genres/historical-fiction|/genres/literature|/genres/historical|/genres/novels|/genres/academic|/genres/school|/genres/classics|/genres/classic-literature|/genres/literature|/genres/19th-century|/genres/european-literature|/genres/british-literature,9780141439600,825079,A Tale of Two Cities,1859
https://www.goodreads.com/author/show/24556.Sara_Gruen,Sara Gruen,4.09,/genres/fiction|/genres/historical|/genres/historical-fiction|/genres/romance|/genres/historical|/genres/adult|/genres/adult-fiction|/genres/contemporary|/genres/book-club|/genres/novels|/genres/animals,9781565125605,1410783,Water for Elephants,2006
"https://www.goodreads.com/author/show/5152.Vladimir_Nabokov,https://www.goodreads.com/author/show/45502.Craig_Raine","Vladimir Nabokov,Craig Raine",3.89,/genres/classics|/genres/fiction|/genres/literature|/genres/novels|/genres/cultural|/genres/russia|/genres/romance|/genres/literature|/genres/russian-literature|/genres/literary-fiction|/genres/literature|/genres/20th-century|/genres/adult,NA,679367,Lolita,1955
https://www.goodreads.com/author/show/2778055.Kurt_Vonnegut_Jr_,Kurt Vonnegut Jr.,4.08,/genres/classics|/genres/fiction|/genres/science-fiction|/genres/war|/genres/historical|/genres/historical-fiction|/genres/literature|/genres/novels|/genres/science-fiction|/genres/time-travel|/genres/literature|/genres/american|/genres/fantasy,9780385333849,1157674,Slaughterhouse-Five,1969
"https://www.goodreads.com/author/show/569.Khaled_Hosseini,https://www.goodreads.com/author/show/2858014.Berliani_M_Nugrahani","Khaled Hosseini,Berliani M. Nugrahani",4.31,/genres/fiction|/genres/historical|/genres/historical-fiction|/genres/contemporary|/genres/classics|/genres/novels|/genres/historical|/genres/literature|/genres/adult|/genres/adult-fiction|/genres/drama,NA,2499131,The Kite Runner,2003
"https://www.goodreads.com/author/show/11139.Mary_Wollstonecraft_Shelley,https://www.goodreads.com/author/show/535959.Charlotte_Gordon","Mary Wollstonecraft Shelley,Charlotte Gordon",3.82,/genres/classics|/genres/fiction|/genres/horror|/genres/science-fiction|/genres/gothic|/genres/fantasy|/genres/academic|/genres/school|/genres/literature|/genres/novels|/genres/literature|/genres/19th-century,9780143131847,1200147,Frankenstein: The 1818 Text,1818
https://www.goodreads.com/author/show/3472.Margaret_Atwood,Margaret Atwood,4.12,/genres/fiction|/genres/classics|/genres/science-fiction|/genres/dystopia|/genres/science-fiction|/genres/feminism|/genres/fantasy|/genres/adult|/genres/audiobook|/genres/literature|/genres/novels,NA,1523802,"The Handmaid's Tale (The Handmaid's Tale, #1)",1985
https://www.goodreads.com/author/show/2493.Lois_Lowry,Lois Lowry,4.13,/genres/young-adult|/genres/fiction|/genres/classics|/genres/science-fiction|/genres/dystopia|/genres/science-fiction|/genres/fantasy|/genres/academic|/genres/school|/genres/childrens|/genres/childrens|/genres/middle-grade|/genres/academic|/genres/read-for-school,9780385732550,1851011,"The Giver (The Giver, #1)",1993
https://www.goodreads.com/author/show/58.Frank_Herbert,Frank Herbert,4.23,/genres/science-fiction|/genres/fiction|/genres/fantasy|/genres/classics|/genres/science-fiction-fantasy|/genres/audiobook|/genres/space|/genres/space-opera|/genres/novels|/genres/adventure|/genres/adult,9780593099322,817148,"Dune (Dune, #1)",1965
https://www.goodreads.com/author/show/3167.Joseph_Heller,Joseph Heller,3.98,/genres/classics|/genres/fiction|/genres/historical|/genres/historical-fiction|/genres/war|/genres/humor|/genres/literature|/genres/novels|/genres/unfinished|/genres/literature|/genres/american|/genres/historical,9780684833392,737800,"Catch-22 (Catch-22, #1)",1961
"https://www.goodreads.com/author/show/3389.Stephen_King,https://www.goodreads.com/author/show/133241.Bernie_Wrightson","Stephen King,Bernie Wrightson",4.34,/genres/horror|/genres/fiction|/genres/fantasy|/genres/science-fiction|/genres/apocalyptic|/genres/post-apocalyptic|/genres/thriller|/genres/science-fiction|/genres/dystopia|/genres/science-fiction|/genres/apocalyptic|/genres/audiobook|/genres/classics,9780385199575,634548,The Stand,1978
https://www.goodreads.com/author/show/3447.Ken_Follett,Ken Follett,4.32,/genres/historical|/genres/historical-fiction|/genres/fiction|/genres/historical|/genres/classics|/genres/fantasy|/genres/historical|/genres/medieval|/genres/audiobook|/genres/european-literature|/genres/british-literature|/genres/novels|/genres/adult,NA,664630,"The Pillars of the Earth (Kingsbridge, #1)",1989
https://www.goodreads.com/author/show/2448.Arthur_Conan_Doyle,Arthur Conan Doyle,4.3,/genres/classics|/genres/mystery|/genres/fiction|/genres/short-stories|/genres/mystery|/genres/crime|/genres/mystery|/genres/detective|/genres/thriller|/genres/mystery-thriller|/genres/literature|/genres/audiobook|/genres/adventure,NA,250522,"The Adventures of Sherlock Holmes (Sherlock Holmes, #3)",1892
https://www.goodreads.com/author/show/7717.Richard_Adams,Richard  Adams,4.06,/genres/classics|/genres/fiction|/genres/fantasy|/genres/young-adult|/genres/animals|/genres/childrens|/genres/adventure|/genres/literature|/genres/novels|/genres/audiobook,9780380395866,442664,"Watership Down (Watership Down, #1)",1972
https://www.goodreads.com/author/show/1315.Louisa_May_Alcott,Louisa May Alcott,4.09,/genres/classics|/genres/fiction|/genres/historical|/genres/historical-fiction|/genres/young-adult|/genres/romance|/genres/historical|/genres/literature|/genres/childrens|/genres/classics|/genres/classic-literature|/genres/novels,9780451529305,1733038,Little Women,1868
https://www.goodreads.com/author/show/1077326.J_K_Rowling,J.K. Rowling,4.62,/genres/fantasy|/genres/young-adult|/genres/fiction|/genres/fantasy|/genres/magic|/genres/childrens|/genres/adventure|/genres/audiobook|/genres/childrens|/genres/middle-grade|/genres/classics|/genres/science-fiction-fantasy,NA,2905240,"Harry Potter and the Deathly Hallows (Harry Potter, #7)",2007
"https://www.goodreads.com/author/show/239579.Charles_Dickens,https://www.goodreads.com/author/show/14146678.Marisa_Sestino","Charles Dickens,Marisa Sestino",3.78,/genres/classics|/genres/fiction|/genres/literature|/genres/historical|/genres/historical-fiction|/genres/academic|/genres/school|/genres/novels|/genres/classics|/genres/classic-literature|/genres/literature|/genres/19th-century|/genres/european-literature|/genres/british-literature|/genres/historical|/genres/victorian,9780192833594,668574,Great Expectations,1861
https://www.goodreads.com/author/show/4379.Sylvia_Plath,Sylvia Plath,4.01,/genres/classics|/genres/fiction|/genres/feminism|/genres/health|/genres/mental-health|/genres/psychology|/genres/literature|/genres/mental-health|/genres/mental-illness|/genres/novels|/genres/poetry|/genres/adult,NA,611219,The Bell Jar,1963
"https://www.goodreads.com/author/show/128382.Leo_Tolstoy,https://www.goodreads.com/author/show/72230.Aylmer_Maude,https://www.goodreads.com/author/show/17020060.Lev_Tolstoi,https://www.goodreads.com/author/show/235013.Louise_Maude,https://www.goodreads.com/author/show/209966.George_Gibian","Leo Tolstoy,Aylmer Maude,Lev Tolstoi,Louise Maude,George Gibian",4.06,/genres/classics|/genres/fiction|/genres/cultural|/genres/russia|/genres/romance|/genres/historical|/genres/historical-fiction|/genres/literature|/genres/literature|/genres/russian-literature|/genres/novels|/genres/literature|/genres/19th-century|/genres/classics|/genres/classic-literature,NA,685323,Anna Karenina,1877
https://www.goodreads.com/author/show/7285.Ken_Kesey,Ken Kesey,4.19,/genres/classics|/genres/fiction|/genres/literature|/genres/psychology|/genres/novels|/genres/health|/genres/mental-health|/genres/academic|/genres/school|/genres/literature|/genres/american|/genres/mental-health|/genres/mental-illness|/genres/contemporary,NA,644155,One Flew Over the Cuckoo's Nest,1962
https://www.goodreads.com/author/show/3706.George_Orwell,George Orwell,4.19,/genres/classics|/genres/fiction|/genres/science-fiction|/genres/science-fiction|/genres/dystopia|/genres/literature|/genres/novels|/genres/politics|/genres/academic|/genres/school|/genres/fantasy|/genres/adult,NA,3281486,1984,1949
"https://www.goodreads.com/author/show/4273.Roald_Dahl,https://www.goodreads.com/author/show/146.Quentin_Blake","Roald Dahl,Quentin Blake",4.32,/genres/childrens|/genres/fiction|/genres/classics|/genres/fantasy|/genres/young-adult|/genres/childrens|/genres/middle-grade|/genres/humor|/genres/audiobook|/genres/fantasy|/genres/magic|/genres/childrens|/genres/juvenile,9780141301068,681349,Matilda,1988
https://www.goodreads.com/author/show/3617.Diana_Gabaldon,Diana Gabaldon,4.23,/genres/historical|/genres/historical-fiction|/genres/romance|/genres/fantasy|/genres/fiction|/genres/science-fiction|/genres/time-travel|/genres/historical|/genres/romance|/genres/historical-romance|/genres/adult|/genres/audiobook|/genres/cultural|/genres/scotland,9780440242949,853424,"Outlander (Outlander, #1)",1991
"https://www.goodreads.com/author/show/706255.Stieg_Larsson,https://www.goodreads.com/author/show/2565625.Reg_Keeland","Stieg Larsson,Reg Keeland",4.14,/genres/fiction|/genres/mystery|/genres/thriller|/genres/mystery|/genres/crime|/genres/thriller|/genres/mystery-thriller|/genres/suspense|/genres/contemporary|/genres/adult|/genres/adult-fiction|/genres/novels,NA,2682335,"The Girl with the Dragon Tattoo (Millennium, #1)",2005
https://www.goodreads.com/author/show/7128.Jodi_Picoult,Jodi Picoult,4.08,/genres/fiction|/genres/contemporary|/genres/womens-fiction|/genres/chick-lit|/genres/young-adult|/genres/drama|/genres/adult|/genres/adult-fiction|/genres/realistic-fiction|/genres/family|/genres/novels,9780743454537,1076480,My Sister's Keeper,2004
https://www.goodreads.com/author/show/2001717.Daphne_du_Maurier,Daphne du Maurier,4.23,/genres/classics|/genres/fiction|/genres/mystery|/genres/romance|/genres/gothic|/genres/historical|/genres/historical-fiction|/genres/thriller|/genres/suspense|/genres/thriller|/genres/mystery-thriller|/genres/horror,9780316323703,475613,Rebecca,1938
https://www.goodreads.com/author/show/7380.Alice_Walker,Alice Walker,4.23,/genres/classics|/genres/fiction|/genres/historical|/genres/historical-fiction|/genres/feminism|/genres/lgbt|/genres/historical|/genres/cultural|/genres/african-american|/genres/literature|/genres/novels|/genres/adult,9780143135692,536455,The Color Purple,1982
https://www.goodreads.com/author/show/2327917.Betty_Smith,Betty  Smith,4.27,/genres/classics|/genres/fiction|/genres/historical|/genres/historical-fiction|/genres/young-adult|/genres/young-adult|/genres/coming-of-age|/genres/historical|/genres/literature|/genres/new-york|/genres/novels|/genres/book-club,9780061120077,396101,A Tree Grows in Brooklyn,1943
https://www.goodreads.com/author/show/5735.Anthony_Burgess,Anthony Burgess,3.99,/genres/classics|/genres/fiction|/genres/science-fiction|/genres/science-fiction|/genres/dystopia|/genres/literature|/genres/novels|/genres/horror|/genres/thriller|/genres/mystery|/genres/crime|/genres/classics|/genres/modern-classics,9780393341768,616045,A Clockwork Orange,1962
"https://www.goodreads.com/author/show/3137322.Fyodor_Dostoyevsky,https://www.goodreads.com/author/show/3137322.Fyodor_Dostoyevsky,https://www.goodreads.com/author/show/3357.Richard_Pevear,https://www.goodreads.com/author/show/3358.Larissa_Volokhonsky","Fyodor Dostoyevsky,Fyodor Dostoyevsky,Richard Pevear,Larissa Volokhonsky",4.32,/genres/classics|/genres/fiction|/genres/cultural|/genres/russia|/genres/literature|/genres/literature|/genres/russian-literature|/genres/philosophy|/genres/novels|/genres/literature|/genres/19th-century|/genres/classics|/genres/classic-literature|/genres/religion,9780374528379,251359,The Brothers Karamazov,1879
https://www.goodreads.com/author/show/4178.Cormac_McCarthy,Cormac McCarthy,3.97,/genres/fiction|/genres/science-fiction|/genres/science-fiction|/genres/dystopia|/genres/apocalyptic|/genres/post-apocalyptic|/genres/horror|/genres/classics|/genres/literature|/genres/novels|/genres/science-fiction|/genres/apocalyptic|/genres/contemporary,9780307265432,735912,The Road,2006
https://www.goodreads.com/author/show/3347.Frank_McCourt,Frank McCourt,4.12,/genres/non-fiction|/genres/autobiography|/genres/memoir|/genres/biography|/genres/classics|/genres/cultural|/genres/ireland|/genres/biography|/genres/autobiography|/genres/biography-memoir|/genres/history|/genres/european-literature|/genres/irish-literature|/genres/historical,9780007205233,552909,"Angela's Ashes (Frank McCourt, #1)",1996
https://www.goodreads.com/author/show/137902.Richelle_Mead,Richelle Mead,4.11,/genres/young-adult|/genres/fantasy|/genres/paranormal|/genres/vampires|/genres/fantasy|/genres/paranormal|/genres/romance|/genres/fantasy|/genres/urban-fantasy|/genres/fiction|/genres/fantasy|/genres/supernatural|/genres/romance|/genres/paranormal-romance|/genres/fantasy|/genres/magic,9781595141743,565890,"Vampire Academy (Vampire Academy, #1)",2007
"https://www.goodreads.com/author/show/1113469.Hermann_Hesse,https://www.goodreads.com/author/show/8463.Hilda_Rosner","Hermann Hesse,Hilda Rosner",4.04,/genres/classics|/genres/fiction|/genres/philosophy|/genres/spirituality|/genres/religion|/genres/literature|/genres/religion|/genres/buddhism|/genres/european-literature|/genres/german-literature|/genres/novels|/genres/historical|/genres/historical-fiction,NA,602737,Siddhartha,1922
https://www.goodreads.com/author/show/3541.Barbara_Kingsolver,Barbara Kingsolver,4.07,/genres/fiction|/genres/historical|/genres/historical-fiction|/genres/cultural|/genres/africa|/genres/classics|/genres/historical|/genres/literary-fiction|/genres/novels|/genres/literature|/genres/religion|/genres/adult-fiction,9780060786502,667748,The Poisonwood Bible,1998
"https://www.goodreads.com/author/show/1077326.J_K_Rowling,https://www.goodreads.com/author/show/2927.Mary_GrandPr_","J.K. Rowling,Mary GrandPré",4.57,/genres/fantasy|/genres/young-adult|/genres/fiction|/genres/fantasy|/genres/magic|/genres/childrens|/genres/childrens|/genres/middle-grade|/genres/adventure|/genres/audiobook|/genres/classics|/genres/science-fiction-fantasy,9780439655484,2932350,"Harry Potter and the Prisoner of Azkaban (Harry Potter, #3)",1999
https://www.goodreads.com/author/show/3618.Philip_Pullman,Philip Pullman,3.99,/genres/fantasy|/genres/young-adult|/genres/fiction|/genres/childrens|/genres/adventure|/genres/science-fiction|/genres/childrens|/genres/middle-grade|/genres/science-fiction-fantasy|/genres/science-fiction|/genres/steampunk|/genres/classics,9780679879244,1320216,"The Golden Compass (His Dark Materials, #1)",1995
"https://www.goodreads.com/author/show/4037220.Miguel_de_Cervantes_Saavedra,https://www.goodreads.com/author/show/492304.John_Rutherford,https://www.goodreads.com/author/show/69766.Roberto_Gonz_lez_Echevarr_a","Miguel de Cervantes Saavedra,John Rutherford,Roberto González Echevarría",3.88,/genres/classics|/genres/fiction|/genres/literature|/genres/european-literature|/genres/spanish-literature|/genres/adventure|/genres/novels|/genres/historical|/genres/historical-fiction|/genres/cultural|/genres/spain|/genres/humor|/genres/classics|/genres/classic-literature,9780142437230,216974,Don Quixote,1615
https://www.goodreads.com/author/show/656983.J_R_R_Tolkien,J.R.R. Tolkien,4.37,/genres/fantasy|/genres/classics|/genres/fiction|/genres/adventure|/genres/science-fiction-fantasy|/genres/fantasy|/genres/high-fantasy|/genres/fantasy|/genres/epic-fantasy|/genres/young-adult|/genres/novels|/genres/fantasy|/genres/magic,NA,2411827,"The Fellowship of the Ring (The Lord of the Rings, #1)",1954
"https://www.goodreads.com/author/show/432.Ayn_Rand,https://www.goodreads.com/author/show/1421.Leonard_Peikoff","Ayn Rand,Leonard Peikoff",3.69,/genres/fiction|/genres/classics|/genres/philosophy|/genres/literature|/genres/politics|/genres/science-fiction|/genres/novels|/genres/science-fiction|/genres/dystopia|/genres/economics|/genres/business,9780452011878,359011,Atlas Shrugged,1957
https://www.goodreads.com/author/show/1455.Ernest_Hemingway,Ernest Hemingway,3.79,/genres/classics|/genres/fiction|/genres/literature|/genres/novels|/genres/literature|/genres/american|/genres/academic|/genres/school|/genres/adventure|/genres/classics|/genres/classic-literature|/genres/literary-fiction|/genres/literature|/genres/20th-century,9780684830490,862077,The Old Man and the Sea,1952
https://www.goodreads.com/author/show/2345.Nicholas_Sparks,Nicholas Sparks,4.11,/genres/romance|/genres/fiction|/genres/womens-fiction|/genres/chick-lit|/genres/contemporary|/genres/adult|/genres/adult-fiction|/genres/romance|/genres/contemporary-romance|/genres/love|/genres/drama|/genres/classics,NA,1367638,"The Notebook (The Notebook, #1)",1996
"https://www.goodreads.com/author/show/81466.A_A_Milne,https://www.goodreads.com/author/show/57085.Ernest_H_Shepard","A.A. Milne,Ernest H. Shepard",4.32,/genres/classics|/genres/childrens|/genres/fiction|/genres/fantasy|/genres/animals|/genres/childrens|/genres/picture-books|/genres/young-adult|/genres/audiobook|/genres/childrens|/genres/middle-grade|/genres/childrens|/genres/juvenile,9780525467564,280850,"Winnie-the-Pooh (Winnie-the-Pooh, #1)",1926
https://www.goodreads.com/author/show/4624490.Edgar_Allan_Poe,Edgar Allan Poe,4.37,/genres/classics|/genres/poetry|/genres/horror|/genres/fiction|/genres/short-stories|/genres/mystery|/genres/gothic|/genres/literature|/genres/fantasy|/genres/classics|/genres/classic-literature,9780385074070,227125,The Complete Stories and Poems,1849
https://www.goodreads.com/author/show/7577.Anne_Rice,Anne Rice,4.0,/genres/horror|/genres/fantasy|/genres/fiction|/genres/paranormal|/genres/vampires|/genres/fantasy|/genres/paranormal|/genres/classics|/genres/fantasy|/genres/supernatural|/genres/gothic|/genres/fantasy|/genres/urban-fantasy|/genres/historical|/genres/historical-fiction,9780345476876,496787,"Interview with the Vampire (The Vampire Chronicles, #1)",1976
https://www.goodreads.com/author/show/3075.John_Irving,John Irving,4.23,/genres/fiction|/genres/classics|/genres/contemporary|/genres/literature|/genres/literary-fiction|/genres/novels|/genres/historical|/genres/historical-fiction|/genres/young-adult|/genres/coming-of-age|/genres/adult-fiction|/genres/literature|/genres/american,9780552135399,289581,A Prayer for Owen Meany,1989
"https://www.goodreads.com/author/show/1624.Herman_Melville,https://www.goodreads.com/author/show/13903.Andrew_Delbanco,https://www.goodreads.com/author/show/21818.Tom_Quirk,https://www.goodreads.com/author/show/171263.Rockwell_Kent","Herman Melville,Andrew Delbanco,Tom Quirk,Rockwell Kent",3.51,/genres/classics|/genres/fiction|/genres/literature|/genres/adventure|/genres/novels|/genres/historical|/genres/historical-fiction|/genres/literature|/genres/american|/genres/literature|/genres/19th-century|/genres/classics|/genres/classic-literature|/genres/audiobook,9780142437247,487221,"Moby-Dick or, the Whale",1851
"https://www.goodreads.com/author/show/1077326.J_K_Rowling,https://www.goodreads.com/author/show/2927.Mary_GrandPr_","J.K. Rowling,Mary GrandPré",4.56,/genres/fantasy|/genres/young-adult|/genres/fiction|/genres/fantasy|/genres/magic|/genres/childrens|/genres/adventure|/genres/childrens|/genres/middle-grade|/genres/audiobook|/genres/classics|/genres/science-fiction-fantasy,NA,2694756,"Harry Potter and the Goblet of Fire (Harry Potter, #4)",2000
https://www.goodreads.com/author/show/626222.Anita_Diamant,Anita Diamant,4.18,/genres/historical|/genres/historical-fiction|/genres/fiction|/genres/historical|/genres/religion|/genres/book-club|/genres/feminism|/genres/adult|/genres/adult-fiction|/genres/womens|/genres/novels,9780312353766,529568,The Red Tent,1997
https://www.goodreads.com/author/show/4711.Sue_Monk_Kidd,Sue Monk Kidd,4.06,/genres/fiction|/genres/historical|/genres/historical-fiction|/genres/young-adult|/genres/classics|/genres/adult-fiction|/genres/historical|/genres/contemporary|/genres/young-adult|/genres/coming-of-age|/genres/adult|/genres/womens-fiction|/genres/chick-lit,9780142001745,1138231,The Secret Life of Bees,2001
https://www.goodreads.com/author/show/150038.Cassandra_Clare,Cassandra Clare,4.31,/genres/fantasy|/genres/young-adult|/genres/fantasy|/genres/paranormal|/genres/romance|/genres/science-fiction|/genres/steampunk|/genres/historical|/genres/historical-fiction|/genres/fiction|/genres/fantasy|/genres/urban-fantasy|/genres/paranormal|/genres/vampires|/genres/paranormal|/genres/angels,9781416975861,694183,"Clockwork Angel (The Infernal Devices, #1)",2010
https://www.goodreads.com/author/show/1077326.J_K_Rowling,J.K. Rowling,4.57,/genres/fantasy|/genres/young-adult|/genres/fiction|/genres/fantasy|/genres/magic|/genres/childrens|/genres/adventure|/genres/audiobook|/genres/childrens|/genres/middle-grade|/genres/classics|/genres/science-fiction-fantasy,NA,2526854,"Harry Potter and the Half-Blood Prince (Harry Potter, #6)",2005
https://www.goodreads.com/author/show/123715.Agatha_Christie,Agatha Christie,4.26,/genres/mystery|/genres/classics|/genres/fiction|/genres/mystery|/genres/crime|/genres/thriller|/genres/thriller|/genres/mystery-thriller|/genres/audiobook|/genres/adult|/genres/suspense|/genres/novels,9780312330873,872454,And Then There Were None,1939
https://www.goodreads.com/author/show/1467.Jeffrey_Eugenides,Jeffrey Eugenides,4.01,/genres/fiction|/genres/historical|/genres/historical-fiction|/genres/contemporary|/genres/lgbt|/genres/literary-fiction|/genres/novels|/genres/classics|/genres/literature|/genres/glbt|/genres/queer|/genres/adult,9780312422158,589362,Middlesex,2002
"https://www.goodreads.com/author/show/957894.Albert_Camus,https://www.goodreads.com/author/show/20954852.Matthew_Ward","Albert Camus,Matthew  Ward",3.99,/genres/classics|/genres/fiction|/genres/philosophy|/genres/cultural|/genres/france|/genres/literature|/genres/novels|/genres/european-literature|/genres/french-literature|/genres/academic|/genres/school|/genres/literature|/genres/20th-century|/genres/literary-fiction,NA,737368,The Stranger,1942
"https://www.goodreads.com/author/show/3873.Mikhail_Bulgakov,https://www.goodreads.com/author/show/9667.Katherine_Tiernan_O_Connor,https://www.goodreads.com/author/show/429504.Diana_Lewis_Burgin,https://www.goodreads.com/author/show/40254.Ellendea_Proffer","Mikhail Bulgakov,Katherine Tiernan O'Connor,Diana Lewis Burgin,Ellendea Proffer",4.29,/genres/classics|/genres/fiction|/genres/cultural|/genres/russia|/genres/fantasy|/genres/literature|/genres/russian-literature|/genres/magical-realism|/genres/literature|/genres/novels|/genres/historical|/genres/historical-fiction|/genres/literature|/genres/20th-century,9780679760801,253616,The Master and Margarita,1967
https://www.goodreads.com/author/show/3389.Stephen_King,Stephen King,4.23,/genres/horror|/genres/fiction|/genres/thriller|/genres/classics|/genres/fantasy|/genres/mystery|/genres/fantasy|/genres/paranormal|/genres/suspense|/genres/novels|/genres/adult,9780450040184,1163719,The Shining,1977
https://www.goodreads.com/author/show/108424.Patrick_Rothfuss,Patrick Rothfuss,4.52,/genres/fantasy|/genres/fiction|/genres/fantasy|/genres/epic-fantasy|/genres/fantasy|/genres/high-fantasy|/genres/fantasy|/genres/magic|/genres/science-fiction-fantasy|/genres/adult|/genres/adventure|/genres/audiobook|/genres/epic,9780756404079,745028,"The Name of the Wind (The Kingkiller Chronicle, #1)",2007
"https://www.goodreads.com/author/show/1244.Mark_Twain,https://www.goodreads.com/author/show/2022.Guy_Cardwell,https://www.goodreads.com/author/show/22653.John_Seelye","Mark Twain,Guy Cardwell,John Seelye",3.91,/genres/classics|/genres/fiction|/genres/adventure|/genres/young-adult|/genres/historical|/genres/historical-fiction|/genres/literature|/genres/childrens|/genres/academic|/genres/school|/genres/novels|/genres/literature|/genres/american,9780143039563,779299,The Adventures of Tom Sawyer,1876
https://www.goodreads.com/author/show/8349.Christopher_Paolini,Christopher Paolini,3.91,/genres/fantasy|/genres/young-adult|/genres/fiction|/genres/fantasy|/genres/dragons|/genres/adventure|/genres/fantasy|/genres/magic|/genres/fantasy|/genres/high-fantasy|/genres/science-fiction-fantasy|/genres/young-adult|/genres/young-adult-fantasy|/genres/childrens,9780375826696,1478278,"Eragon (The Inheritance Cycle, #1)",2002
"https://www.goodreads.com/author/show/4273.Roald_Dahl,https://www.goodreads.com/author/show/146.Quentin_Blake","Roald Dahl,Quentin Blake",4.14,/genres/childrens|/genres/fantasy|/genres/fiction|/genres/classics|/genres/young-adult|/genres/childrens|/genres/middle-grade|/genres/humor|/genres/adventure|/genres/childrens|/genres/juvenile|/genres/novels,9780142403884,688342,"Charlie and the Chocolate Factory (Charlie Bucket, #1)",1964
https://www.goodreads.com/author/show/11072.Daniel_Keyes,Daniel Keyes,4.15,/genres/fiction|/genres/classics|/genres/science-fiction|/genres/young-adult|/genres/literature|/genres/psychology|/genres/academic|/genres/school|/genres/novels|/genres/academic|/genres/read-for-school|/genres/adult,NA,494373,Flowers for Algernon,1959
"https://www.goodreads.com/author/show/5223.Franz_Kafka,https://www.goodreads.com/author/show/141558.Stanley_Corngold,https://www.goodreads.com/author/show/1151162.Mircea_Iv_nescu","Franz Kafka,Stanley Corngold,Mircea Ivănescu",3.83,/genres/classics|/genres/fiction|/genres/fantasy|/genres/literature|/genres/philosophy|/genres/short-stories|/genres/academic|/genres/school|/genres/european-literature|/genres/german-literature|/genres/horror|/genres/novels,NA,674858,The Metamorphosis,1915
https://www.goodreads.com/author/show/1742.Jack_Kerouac,Jack Kerouac,3.62,/genres/classics|/genres/fiction|/genres/travel|/genres/literature|/genres/novels|/genres/literature|/genres/american|/genres/adventure|/genres/literature|/genres/20th-century|/genres/classics|/genres/modern-classics|/genres/unfinished,9780140042597,357113,On the Road,1957
https://www.goodreads.com/author/show/1406384.John_Green,John Green,4.01,/genres/young-adult|/genres/fiction|/genres/contemporary|/genres/romance|/genres/realistic-fiction|/genres/young-adult|/genres/coming-of-age|/genres/young-adult|/genres/teen|/genres/mystery|/genres/young-adult|/genres/young-adult-contemporary|/genres/young-adult|/genres/high-school,NA,1154487,Looking for Alaska,2005
https://www.goodreads.com/author/show/1050.Mark_Haddon,Mark Haddon,3.89,/genres/fiction|/genres/mystery|/genres/young-adult|/genres/contemporary|/genres/novels|/genres/classics|/genres/psychology|/genres/literature|/genres/realistic-fiction|/genres/academic|/genres/school,9781400032716,1227356,The Curious Incident of the Dog in the Night-Time,2003
"https://www.goodreads.com/author/show/815.Carlos_Ruiz_Zaf_n,https://www.goodreads.com/author/show/221645.Lucia_Graves","Carlos Ruiz Zafón,Lucia Graves",4.27,/genres/fiction|/genres/historical|/genres/historical-fiction|/genres/mystery|/genres/fantasy|/genres/writing|/genres/books-about-books|/genres/historical|/genres/cultural|/genres/spain|/genres/european-literature|/genres/spanish-literature|/genres/magical-realism|/genres/gothic,NA,483763,"The Shadow of the Wind (The Cemetery of Forgotten Books, #1)",2001
https://www.goodreads.com/author/show/3362.Eric_Carle,Eric Carle,4.29,/genres/childrens|/genres/picture-books|/genres/childrens|/genres/fiction|/genres/classics|/genres/animals|/genres/food-and-drink|/genres/food|/genres/number|/genres/counting|/genres/childrens|/genres/storytime|/genres/kids|/genres/science|/genres/mathematics,9780241003008,410122,The Very Hungry Caterpillar,1969
https://www.goodreads.com/author/show/2331.Mitch_Albom,Mitch Albom,4.12,/genres/non-fiction|/genres/autobiography|/genres/memoir|/genres/biography|/genres/inspirational|/genres/classics|/genres/philosophy|/genres/self-help|/genres/contemporary|/genres/adult|/genres/biography-memoir,9780751529814,806944,Tuesdays with Morrie,1997
"https://www.goodreads.com/author/show/6343.Milan_Kundera,https://www.goodreads.com/author/show/66349.Michael_Henry_Heim","Milan Kundera,Michael Henry Heim",4.1,/genres/fiction|/genres/classics|/genres/philosophy|/genres/literature|/genres/novels|/genres/european-literature|/genres/czech-literature|/genres/romance|/genres/contemporary|/genres/literary-fiction|/genres/literature|/genres/20th-century,9780571224388,354262,The Unbearable Lightness of Being,1984
"https://www.goodreads.com/author/show/1077326.J_K_Rowling,https://www.goodreads.com/author/show/2927.Mary_GrandPr_","J.K. Rowling,Mary GrandPré",4.43,/genres/fantasy|/genres/young-adult|/genres/fiction|/genres/fantasy|/genres/magic|/genres/childrens|/genres/childrens|/genres/middle-grade|/genres/adventure|/genres/audiobook|/genres/classics|/genres/science-fiction-fantasy,9780439064866,2841989,"Harry Potter and the Chamber of Secrets (Harry Potter, #2)",1998
"https://www.goodreads.com/author/show/1730.Umberto_Eco,https://www.goodreads.com/author/show/6921.William_Weaver","Umberto Eco,William Weaver",4.13,/genres/fiction|/genres/classics|/genres/literature|/genres/mystery|/genres/crime|/genres/european-literature|/genres/italian-literature|/genres/cultural|/genres/italy|/genres/novels|/genres/historical|/genres/medieval|/genres/religion|/genres/thriller,9780156001311,308828,The Name of the Rose,1980
https://www.goodreads.com/author/show/6810.Wilson_Rawls,Wilson Rawls,4.08,/genres/classics|/genres/fiction|/genres/young-adult|/genres/childrens|/genres/animals|/genres/historical|/genres/historical-fiction|/genres/childrens|/genres/middle-grade|/genres/academic|/genres/school|/genres/realistic-fiction|/genres/academic|/genres/read-for-school,9780375806810,351187,Where the Red Fern Grows,1961
"https://www.goodreads.com/author/show/12605.Mario_Puzo,https://www.goodreads.com/author/show/120257.Robert_Thompson,https://www.goodreads.com/author/show/178947.Peter_Bart","Mario Puzo,Robert Thompson,Peter Bart",4.36,/genres/fiction|/genres/classics|/genres/mystery|/genres/crime|/genres/thriller|/genres/historical|/genres/historical-fiction|/genres/mystery|/genres/drama|/genres/novels|/genres/literature|/genres/american|/genres/literature,NA,345400,The Godfather,1969
"https://www.goodreads.com/author/show/7799.Nathaniel_Hawthorne,https://www.goodreads.com/author/show/7798.Thomas_E_Connolly,https://www.goodreads.com/author/show/26480.Nina_Baym","Nathaniel Hawthorne,Thomas E. Connolly,Nina Baym",3.42,/genres/classics|/genres/fiction|/genres/historical|/genres/historical-fiction|/genres/academic|/genres/school|/genres/literature|/genres/young-adult|/genres/high-school|/genres/academic|/genres/read-for-school|/genres/historical|/genres/classics|/genres/classic-literature|/genres/literature|/genres/american,9780142437261,720189,The Scarlet Letter,1850
https://www.goodreads.com/author/show/431149.Truman_Capote,Truman Capote,4.07,/genres/non-fiction|/genres/classics|/genres/crime|/genres/true-crime|/genres/mystery|/genres/crime|/genres/mystery|/genres/history|/genres/thriller|/genres/literature|/genres/literature|/genres/american|/genres/biography,9780679745587,548082,In Cold Blood,1965
https://www.goodreads.com/author/show/2331.Mitch_Albom,Mitch Albom,3.94,/genres/fiction|/genres/inspirational|/genres/contemporary|/genres/fantasy|/genres/classics|/genres/adult|/genres/spirituality|/genres/adult-fiction|/genres/philosophy|/genres/novels,9781401308582,591611,The Five People You Meet in Heaven,2003
https://www.goodreads.com/author/show/2876763.Becca_Fitzpatrick,Becca Fitzpatrick,3.96,/genres/young-adult|/genres/fantasy|/genres/romance|/genres/fantasy|/genres/paranormal|/genres/paranormal|/genres/angels|/genres/romance|/genres/paranormal-romance|/genres/fantasy|/genres/supernatural|/genres/fiction|/genres/fantasy|/genres/urban-fantasy|/genres/young-adult|/genres/young-adult-fantasy,9781416989417,594019,"Hush, Hush (Hush, Hush, #1)",2009
https://www.goodreads.com/author/show/2546.Chuck_Palahniuk,Chuck Palahniuk,4.18,/genres/fiction|/genres/classics|/genres/contemporary|/genres/thriller|/genres/novels|/genres/mystery|/genres/adult|/genres/literature|/genres/literature|/genres/american|/genres/adult-fiction,9780393355949,510084,Fight Club,1996
"https://www.goodreads.com/author/show/4785.Alexandre_Dumas,https://www.goodreads.com/author/show/224319.Robin_Buss","Alexandre Dumas,Robin Buss",4.26,/genres/classics|/genres/fiction|/genres/historical|/genres/historical-fiction|/genres/adventure|/genres/literature|/genres/cultural|/genres/france|/genres/historical|/genres/classics|/genres/classic-literature|/genres/novels|/genres/romance,9780140449266,762702,The Count of Monte Cristo,1844
https://www.goodreads.com/author/show/61105.Dr_Seuss,Dr. Seuss,4.16,/genres/childrens|/genres/childrens|/genres/picture-books|/genres/fiction|/genres/classics|/genres/poetry|/genres/fantasy|/genres/humor|/genres/animals|/genres/kids|/genres/animals|/genres/cats,9780394800011,445611,"The Cat in the Hat (The Cat in the Hat, #1)",1957
https://www.goodreads.com/author/show/1069006.C_S_Lewis,C.S. Lewis,4.22,/genres/fantasy|/genres/classics|/genres/fiction|/genres/young-adult|/genres/childrens|/genres/adventure|/genres/childrens|/genres/middle-grade|/genres/christian|/genres/fantasy|/genres/magic|/genres/christian-fiction,NA,2201598,"The Lion, the Witch and the Wardrobe (Chronicles of Narnia, #1)",1950
https://www.goodreads.com/author/show/1221698.Neil_Gaiman,Neil Gaiman,4.1,/genres/fantasy|/genres/fiction|/genres/fantasy|/genres/urban-fantasy|/genres/fantasy|/genres/mythology|/genres/audiobook|/genres/science-fiction|/genres/science-fiction-fantasy|/genres/adult|/genres/contemporary|/genres/novels,NA,781693,"American Gods (American Gods, #1)",2001
"https://www.goodreads.com/author/show/39402.Patrick_S_skind,https://www.goodreads.com/author/show/60286.John_E_Woods","Patrick Süskind,John E. Woods",4.02,/genres/fiction|/genres/classics|/genres/historical|/genres/historical-fiction|/genres/horror|/genres/mystery|/genres/thriller|/genres/mystery|/genres/crime|/genres/european-literature|/genres/german-literature|/genres/historical|/genres/novels,9780140120837,345529,Perfume: The Story of a Murderer,1985
"https://www.goodreads.com/author/show/6569.Louis_Sachar,https://www.goodreads.com/author/show/15373091._","Louis Sachar,김영선",3.97,/genres/young-adult|/genres/fiction|/genres/childrens|/genres/childrens|/genres/middle-grade|/genres/realistic-fiction|/genres/classics|/genres/mystery|/genres/adventure|/genres/academic|/genres/school|/genres/contemporary,9780439244190,997184,"Holes (Holes, #1)",1998
https://www.goodreads.com/author/show/1055.Larry_McMurtry,Larry McMurtry,4.47,/genres/fiction|/genres/historical|/genres/historical-fiction|/genres/westerns|/genres/classics|/genres/historical|/genres/adventure|/genres/novels|/genres/literature|/genres/audiobook|/genres/literature|/genres/american,9780671683900,153473,Lonesome Dove (Lonesome Dove #1),1985
https://www.goodreads.com/author/show/15872.Rick_Riordan,Rick Riordan,4.5,/genres/fantasy|/genres/young-adult|/genres/fantasy|/genres/mythology|/genres/fiction|/genres/childrens|/genres/middle-grade|/genres/adventure|/genres/childrens|/genres/mythology|/genres/greek-mythology|/genres/fantasy|/genres/urban-fantasy|/genres/fantasy|/genres/magic,9781423101475,699316,"The Last Olympian (Percy Jackson and the Olympians, #5)",2009
https://www.goodreads.com/author/show/3389.Stephen_King,Stephen King,4.24,/genres/horror|/genres/fiction|/genres/thriller|/genres/fantasy|/genres/mystery|/genres/audiobook|/genres/adult|/genres/classics|/genres/fantasy|/genres/paranormal|/genres/novels,9780450411434,833148,It,1986
"https://www.goodreads.com/author/show/3961.Alan_Moore,https://www.goodreads.com/author/show/13285.Dave_Gibbons,https://www.goodreads.com/author/show/106526.John_Higgins","Alan Moore,Dave Gibbons,John    Higgins",4.36,/genres/sequential-art|/genres/graphic-novels|/genres/sequential-art|/genres/comics|/genres/fiction|/genres/science-fiction|/genres/fantasy|/genres/graphic-novels-comics|/genres/comics|/genres/comic-book|/genres/classics|/genres/comics|/genres/superheroes|/genres/science-fiction|/genres/dystopia,9780930289232,494936,Watchmen,1987
"https://www.goodreads.com/author/show/5300.Laura_Ingalls_Wilder,https://www.goodreads.com/author/show/30916.Garth_Williams","Laura Ingalls Wilder,Garth Williams",4.34,/genres/classics|/genres/historical|/genres/historical-fiction|/genres/childrens|/genres/fiction|/genres/young-adult|/genres/historical|/genres/childrens|/genres/middle-grade|/genres/childrens|/genres/juvenile|/genres/literature|/genres/kids,9780060529963,143701,"The Little House Collection (Little House, #1-9)",1971
"https://www.goodreads.com/author/show/5031312.Dante_Alighieri,https://www.goodreads.com/author/show/198144.Allen_Mandelbaum,https://www.goodreads.com/author/show/7333.Eugenio_Montale","Dante Alighieri,Allen Mandelbaum,Eugenio Montale",4.04,/genres/classics|/genres/poetry|/genres/fiction|/genres/literature|/genres/religion|/genres/philosophy|/genres/fantasy|/genres/european-literature|/genres/italian-literature|/genres/cultural|/genres/italy|/genres/classics|/genres/classic-literature,9780679433132,124880,The Divine Comedy,1320
"https://www.goodreads.com/author/show/5255014.J_M_Barrie,https://www.goodreads.com/author/show/13290.Michael_Hague","J.M. Barrie,Michael Hague",4.04,/genres/classics|/genres/fantasy|/genres/fiction|/genres/childrens|/genres/adventure|/genres/young-adult|/genres/childrens|/genres/middle-grade|/genres/audiobook|/genres/fantasy|/genres/fairy-tales|/genres/literature,9780805072457,291453,Peter Pan,1911
"https://www.goodreads.com/author/show/4116.Erich_Maria_Remarque,https://www.goodreads.com/author/show/20635097.Arthur_Wesley_Wheen","Erich Maria Remarque,Arthur Wesley Wheen",3.99,/genres/classics|/genres/fiction|/genres/historical|/genres/historical-fiction|/genres/war|/genres/historical|/genres/literature|/genres/academic|/genres/school|/genres/european-literature|/genres/german-literature|/genres/war|/genres/world-war-i|/genres/novels,9780449213940,362824,All Quiet on the Western Front,1929
https://www.goodreads.com/author/show/656983.J_R_R_Tolkien,J.R.R. Tolkien,4.28,/genres/fantasy|/genres/classics|/genres/fiction|/genres/adventure|/genres/young-adult|/genres/science-fiction-fantasy|/genres/fantasy|/genres/high-fantasy|/genres/childrens|/genres/fantasy|/genres/epic-fantasy|/genres/novels,9780618260300,2993289,"The Hobbit, or There and Back Again",1937
"https://www.goodreads.com/author/show/4390174.Reduced_Shakespeare_Company,https://www.goodreads.com/author/show/948.Adam_Long,https://www.goodreads.com/author/show/949.Daniel_Singer,https://www.goodreads.com/author/show/241590.Jess_Winfield","Reduced Shakespeare Company,Adam Long,Daniel Singer,Jess Winfield",4.45,/genres/plays|/genres/classics|/genres/humor|/genres/fiction|/genres/drama|/genres/plays|/genres/theatre|/genres/humor|/genres/comedy|/genres/poetry|/genres/literature|/genres/adult,9781557831576,8530,The Compleat Works of Wllm Shkspr,1994
"https://www.goodreads.com/author/show/13450.Gabriel_Garc_a_M_rquez,https://www.goodreads.com/author/show/2599.Edith_Grossman","Gabriel García Márquez,Edith Grossman",3.92,/genres/fiction|/genres/classics|/genres/historical|/genres/historical-fiction|/genres/romance|/genres/magical-realism|/genres/literature|/genres/novels|/genres/european-literature|/genres/spanish-literature|/genres/literary-fiction|/genres/historical,9781400034680,424082,Love in the Time of Cholera,1985
https://www.goodreads.com/author/show/4039811.Veronica_Roth,Veronica Roth,4.02,/genres/young-adult|/genres/science-fiction|/genres/dystopia|/genres/fiction|/genres/fantasy|/genres/science-fiction|/genres/romance|/genres/adventure|/genres/young-adult|/genres/teen|/genres/apocalyptic|/genres/post-apocalyptic|/genres/action,9780007442911,1205828,"Insurgent (Divergent, #2)",2012
https://www.goodreads.com/author/show/137902.Richelle_Mead,Richelle Mead,4.33,/genres/young-adult|/genres/paranormal|/genres/vampires|/genres/fantasy|/genres/fantasy|/genres/paranormal|/genres/romance|/genres/fantasy|/genres/urban-fantasy|/genres/romance|/genres/paranormal-romance|/genres/fantasy|/genres/supernatural|/genres/fiction|/genres/fantasy|/genres/magic,9781595141972,335134,"Shadow Kiss (Vampire Academy, #3)",2008
https://www.goodreads.com/author/show/4917067.Colleen_McCullough,Colleen McCullough,4.23,/genres/fiction|/genres/historical|/genres/historical-fiction|/genres/romance|/genres/classics|/genres/cultural|/genres/australia|/genres/historical|/genres/romance|/genres/historical-romance|/genres/novels|/genres/drama|/genres/adult,NA,320058,The Thorn Birds,1977
https://www.goodreads.com/author/show/2345.Nicholas_Sparks,Nicholas Sparks,4.18,/genres/romance|/genres/fiction|/genres/womens-fiction|/genres/chick-lit|/genres/contemporary|/genres/young-adult|/genres/adult|/genres/adult-fiction|/genres/romance|/genres/contemporary-romance|/genres/drama|/genres/love,NA,690067,A Walk to Remember,1999
https://www.goodreads.com/author/show/61105.Dr_Seuss,Dr. Seuss,4.35,/genres/childrens|/genres/childrens|/genres/picture-books|/genres/holiday|/genres/christmas|/genres/classics|/genres/fiction|/genres/poetry|/genres/holiday|/genres/fantasy|/genres/humor|/genres/kids,9780007173044,343850,How the Grinch Stole Christmas!,1957
https://www.goodreads.com/author/show/4.Douglas_Adams,Douglas Adams,4.36,/genres/science-fiction|/genres/fiction|/genres/humor|/genres/fantasy|/genres/classics|/genres/humor|/genres/comedy|/genres/science-fiction-fantasy|/genres/adventure|/genres/novels|/genres/european-literature|/genres/british-literature,9780345453747,293325,"The Ultimate Hitchhiker's Guide to the Galaxy (Hitchhiker's Guide to the Galaxy, #1-5)",1996
https://www.goodreads.com/author/show/11679.Elizabeth_Gilbert,Elizabeth Gilbert,3.58,/genres/non-fiction|/genres/autobiography|/genres/memoir|/genres/travel|/genres/biography|/genres/womens-fiction|/genres/chick-lit|/genres/romance|/genres/spirituality|/genres/biography-memoir|/genres/contemporary|/genres/biography|/genres/autobiography,9780143038412,1513966,"Eat, Pray, Love",2006
https://www.goodreads.com/author/show/3565.Oscar_Wilde,Oscar Wilde,4.18,/genres/classics|/genres/plays|/genres/fiction|/genres/drama|/genres/humor|/genres/literature|/genres/plays|/genres/theatre|/genres/academic|/genres/school|/genres/humor|/genres/comedy|/genres/romance,9781580495806,308564,The Importance of Being Earnest,1895
https://www.goodreads.com/author/show/2408.Ian_McEwan,Ian McEwan,3.91,/genres/fiction|/genres/historical|/genres/historical-fiction|/genres/romance|/genres/classics|/genres/historical|/genres/war|/genres/literary-fiction|/genres/contemporary|/genres/literature|/genres/novels,9780385721790,449148,Atonement,2001
https://www.goodreads.com/author/show/15151.Zora_Neale_Hurston,Zora Neale Hurston,3.94,/genres/classics|/genres/fiction|/genres/historical|/genres/historical-fiction|/genres/academic|/genres/school|/genres/cultural|/genres/african-american|/genres/literature|/genres/novels|/genres/feminism|/genres/academic|/genres/read-for-school|/genres/historical,9780061120060,273412,Their Eyes Were Watching God,1937
https://www.goodreads.com/author/show/4785.Alexandre_Dumas,Alexandre Dumas,4.07,/genres/classics|/genres/fiction|/genres/historical|/genres/historical-fiction|/genres/adventure|/genres/cultural|/genres/france|/genres/literature|/genres/historical|/genres/european-literature|/genres/french-literature|/genres/classics|/genres/classic-literature|/genres/novels,NA,279454,"The Three Musketeers (The D'Artagnan Romances, #1)",1844
"https://www.goodreads.com/author/show/3242.L_Frank_Baum,https://www.goodreads.com/author/show/5804248.W_W_Denslow","L. Frank Baum,W.W. Denslow",3.98,/genres/classics|/genres/fantasy|/genres/fiction|/genres/childrens|/genres/young-adult|/genres/adventure|/genres/childrens|/genres/middle-grade|/genres/audiobook|/genres/fantasy|/genres/magic|/genres/literature,9780140621679,384373,"The Wonderful Wizard of Oz (Oz, #1)",1900
"https://www.goodreads.com/author/show/1654.Terry_Pratchett,https://www.goodreads.com/author/show/1221698.Neil_Gaiman","Terry Pratchett,Neil Gaiman",4.24,/genres/fantasy|/genres/fiction|/genres/humor|/genres/fantasy|/genres/urban-fantasy|/genres/humor|/genres/comedy|/genres/audiobook|/genres/science-fiction-fantasy|/genres/adult|/genres/science-fiction|/genres/fantasy|/genres/supernatural,NA,566074,"Good Omens: The Nice and Accurate Prophecies of Agnes Nutter, Witch",1990
https://www.goodreads.com/author/show/137902.Richelle_Mead,Richelle Mead,4.26,/genres/young-adult|/genres/paranormal|/genres/vampires|/genres/fantasy|/genres/fantasy|/genres/paranormal|/genres/romance|/genres/fantasy|/genres/urban-fantasy|/genres/romance|/genres/paranormal-romance|/genres/fantasy|/genres/supernatural|/genres/fiction|/genres/fantasy|/genres/magic,NA,319901,"Frostbite (Vampire Academy, #2)",2008
"https://www.goodreads.com/author/show/18479.Margaret_Wise_Brown,https://www.goodreads.com/author/show/18480.Clement_Hurd","Margaret Wise Brown,Clement Hurd",4.28,/genres/childrens|/genres/childrens|/genres/picture-books|/genres/classics|/genres/fiction|/genres/poetry|/genres/kids|/genres/animals|/genres/childrens|/genres/juvenile|/genres/young-adult|/genres/childrens|/genres/storytime,9780060775858,315182,Goodnight Moon,1947
https://www.goodreads.com/author/show/61105.Dr_Seuss,Dr. Seuss,4.33,/genres/childrens|/genres/childrens|/genres/picture-books|/genres/fiction|/genres/classics|/genres/poetry|/genres/fantasy|/genres/environment|/genres/kids|/genres/young-adult|/genres/childrens|/genres/juvenile,9780679889106,293642,The Lorax,1971
"https://www.goodreads.com/author/show/656983.J_R_R_Tolkien,https://www.goodreads.com/author/show/42155.Francis_Ledoux","J.R.R. Tolkien,Francis Ledoux",4.37,/genres/fantasy|/genres/classics|/genres/fiction|/genres/adventure|/genres/science-fiction-fantasy|/genres/fantasy|/genres/high-fantasy|/genres/fantasy|/genres/epic-fantasy|/genres/young-adult|/genres/novels|/genres/fantasy|/genres/magic,9780618346257,2411833,"The Fellowship of the Ring (The Lord of the Rings, #1)",1954
https://www.goodreads.com/author/show/137902.Richelle_Mead,Richelle Mead,4.31,/genres/young-adult|/genres/paranormal|/genres/vampires|/genres/fantasy|/genres/fantasy|/genres/paranormal|/genres/romance|/genres/fantasy|/genres/urban-fantasy|/genres/romance|/genres/paranormal-romance|/genres/fantasy|/genres/supernatural|/genres/fiction|/genres/fantasy|/genres/magic,9781595141989,285697,"Blood Promise (Vampire Academy, #4)",2009
https://www.goodreads.com/author/show/15872.Rick_Riordan,Rick Riordan,4.39,/genres/fantasy|/genres/young-adult|/genres/fantasy|/genres/mythology|/genres/fiction|/genres/childrens|/genres/middle-grade|/genres/adventure|/genres/childrens|/genres/mythology|/genres/greek-mythology|/genres/fantasy|/genres/urban-fantasy|/genres/fantasy|/genres/magic,NA,772614,"The Battle of the Labyrinth (Percy Jackson and the Olympians, #4)",2008
https://www.goodreads.com/author/show/150038.Cassandra_Clare,Cassandra Clare,4.56,/genres/fantasy|/genres/young-adult|/genres/romance|/genres/fantasy|/genres/paranormal|/genres/science-fiction|/genres/steampunk|/genres/historical|/genres/historical-fiction|/genres/fantasy|/genres/urban-fantasy|/genres/paranormal|/genres/angels|/genres/fiction|/genres/historical,9781406321340,356116,"Clockwork Princess (The Infernal Devices, #3)",2013
"https://www.goodreads.com/author/show/15905.Thomas_Hardy,https://www.goodreads.com/author/show/134559.Margaret_R_Higonnet,https://www.goodreads.com/author/show/261798.Tim_Dolin","Thomas Hardy,Margaret R. Higonnet,Tim Dolin",3.81,/genres/fiction|/genres/classics|/genres/romance|/genres/literature|/genres/historical|/genres/historical-fiction|/genres/literature|/genres/19th-century|/genres/historical|/genres/victorian|/genres/classics|/genres/classic-literature|/genres/novels|/genres/european-literature|/genres/british-literature,NA,242885,Tess of the D'Urbervilles,1891
"https://www.goodreads.com/author/show/3345.Joseph_Conrad,https://www.goodreads.com/author/show/2858434.An_bal_Fernandes","Joseph Conrad,Aníbal Fernandes",3.43,/genres/classics|/genres/fiction|/genres/literature|/genres/cultural|/genres/africa|/genres/historical|/genres/historical-fiction|/genres/academic|/genres/school|/genres/novels|/genres/academic|/genres/read-for-school|/genres/adventure|/genres/young-adult|/genres/high-school,9781892295491,428280,Heart of Darkness,1899
https://www.goodreads.com/author/show/704.Pearl_S_Buck,Pearl S. Buck,3.99,/genres/classics|/genres/fiction|/genres/historical|/genres/historical-fiction|/genres/cultural|/genres/china|/genres/literature|/genres/cultural|/genres/asia|/genres/historical|/genres/novels|/genres/academic|/genres/school|/genres/classics|/genres/classic-literature,9781416500186,226233,"The Good Earth (House of Earth, #1)",1931
"https://www.goodreads.com/author/show/947.William_Shakespeare,https://www.goodreads.com/author/show/8140.Paul_Werstine,https://www.goodreads.com/author/show/569383.Barbara_A_Mowat,https://www.goodreads.com/author/show/270160.Catherine_Belsey","William Shakespeare,Paul Werstine,Barbara A. Mowat,Catherine Belsey",3.95,/genres/classics|/genres/plays|/genres/fiction|/genres/drama|/genres/fantasy|/genres/academic|/genres/school|/genres/romance|/genres/plays|/genres/theatre|/genres/literature|/genres/poetry,9780743477543,451621,A Midsummer Night's Dream,1595
https://www.goodreads.com/author/show/6466154.Kahlil_Gibran,Kahlil Gibran,4.22,/genres/poetry|/genres/philosophy|/genres/classics|/genres/fiction|/genres/spirituality|/genres/religion|/genres/literature|/genres/inspirational|/genres/self-help|/genres/novels,9780001000391,242922,The Prophet,1923
https://www.goodreads.com/author/show/15872.Rick_Riordan,Rick Riordan,4.34,/genres/fantasy|/genres/young-adult|/genres/fantasy|/genres/mythology|/genres/fiction|/genres/childrens|/genres/middle-grade|/genres/adventure|/genres/childrens|/genres/mythology|/genres/greek-mythology|/genres/fantasy|/genres/urban-fantasy|/genres/fantasy|/genres/magic,9780141382890,719187,"The Titan's Curse (Percy Jackson and the Olympians, #3)",2007
https://www.goodreads.com/author/show/15872.Rick_Riordan,Rick Riordan,4.24,/genres/fantasy|/genres/young-adult|/genres/fantasy|/genres/mythology|/genres/fiction|/genres/childrens|/genres/middle-grade|/genres/adventure|/genres/childrens|/genres/mythology|/genres/greek-mythology|/genres/fantasy|/genres/urban-fantasy|/genres/fantasy|/genres/magic,9780786856862,783916,"The Sea of Monsters (Percy Jackson and the Olympians, #2)",2006
https://www.goodreads.com/author/show/4841825.Marion_Zimmer_Bradley,Marion Zimmer Bradley,4.11,/genres/fantasy|/genres/fiction|/genres/historical|/genres/historical-fiction|/genres/mythology|/genres/arthurian|/genres/fantasy|/genres/mythology|/genres/science-fiction-fantasy|/genres/historical|/genres/classics|/genres/romance|/genres/fantasy|/genres/magic,NA,196134,"The Mists of Avalon (Avalon, #1)",1982
https://www.goodreads.com/author/show/5246.Amy_Tan,Amy Tan,3.94,/genres/fiction|/genres/historical|/genres/historical-fiction|/genres/classics|/genres/cultural|/genres/china|/genres/contemporary|/genres/adult-fiction|/genres/adult|/genres/literature|/genres/novels|/genres/cultural|/genres/asia,9780143038092,605551,The Joy Luck Club,1989
"https://www.goodreads.com/author/show/34933.Jane_Carruth,https://www.goodreads.com/author/show/8164.Lewis_Carroll,https://www.goodreads.com/author/show/28120.Rene_Cloke","Jane Carruth,Lewis Carroll,Rene Cloke",4.02,/genres/classics|/genres/fantasy|/genres/fiction|/genres/childrens|/genres/young-adult|/genres/adventure|/genres/literature|/genres/childrens|/genres/middle-grade|/genres/novels|/genres/classics|/genres/classic-literature,9780517223628,382605,Alice in Wonderland,1865
"https://www.goodreads.com/author/show/1240.Jack_London,https://www.goodreads.com/author/show/10105.Avi,https://www.goodreads.com/author/show/18743517._","Jack London,Avi,مها محمود صالح",3.88,/genres/classics|/genres/fiction|/genres/adventure|/genres/young-adult|/genres/animals|/genres/historical|/genres/historical-fiction|/genres/literature|/genres/academic|/genres/school|/genres/childrens|/genres/novels,9780439227148,352145,The Call of the Wild,1903
"https://www.goodreads.com/author/show/16904.Richard_Bach,https://www.goodreads.com/author/show/862968.Russell_Munson","Richard Bach,Russell Munson",3.84,/genres/fiction|/genres/classics|/genres/philosophy|/genres/fantasy|/genres/spirituality|/genres/inspirational|/genres/self-help|/genres/novels|/genres/literature|/genres/animals,9780743278904,208633,Jonathan Livingston Seagull,1970
"https://www.goodreads.com/author/show/1461.Gustave_Flaubert,https://www.goodreads.com/author/show/1460.Mark_Overstall,https://www.goodreads.com/author/show/54647.Malcolm_Bowie,https://www.goodreads.com/author/show/474490.Margaret_Mauldon","Gustave Flaubert,Mark Overstall,Malcolm Bowie,Margaret Mauldon",3.68,/genres/classics|/genres/fiction|/genres/cultural|/genres/france|/genres/literature|/genres/european-literature|/genres/french-literature|/genres/romance|/genres/literature|/genres/19th-century|/genres/novels|/genres/historical|/genres/historical-fiction|/genres/classics|/genres/classic-literature,9780192840394,262756,Madame Bovary,1857
"https://www.goodreads.com/author/show/153394.Suzanne_Collins,https://www.goodreads.com/author/show/1362045.Guillaume_Fournier,https://www.goodreads.com/author/show/2671485.Pilar_Ram_rez_Tello,https://www.goodreads.com/author/show/3505684.Hanna_H_rl,https://www.goodreads.com/author/show/89021.Sylke_Hachmeister,https://www.goodreads.com/author/show/1287516.Peter_Kl_ss","Suzanne Collins,Guillaume Fournier,Pilar Ramírez Tello,Hanna Hörl,Sylke Hachmeister,Peter Klöss",4.48,/genres/young-adult|/genres/fiction|/genres/fantasy|/genres/science-fiction|/genres/dystopia|/genres/science-fiction|/genres/adventure|/genres/romance|/genres/young-adult|/genres/teen|/genres/action|/genres/novels,9780545265355,191631,"The Hunger Games Trilogy Boxset (The Hunger Games, #1-3)",2008
https://www.goodreads.com/author/show/1949.Katherine_Paterson,Katherine Paterson,4.01,/genres/young-adult|/genres/fiction|/genres/classics|/genres/childrens|/genres/fantasy|/genres/childrens|/genres/middle-grade|/genres/realistic-fiction|/genres/academic|/genres/school|/genres/contemporary|/genres/childrens|/genres/juvenile,NA,459115,Bridge to Terabithia,1977
https://www.goodreads.com/author/show/348878.James_Dashner,James Dashner,4.03,/genres/young-adult|/genres/science-fiction|/genres/dystopia|/genres/science-fiction|/genres/fiction|/genres/fantasy|/genres/adventure|/genres/apocalyptic|/genres/post-apocalyptic|/genres/mystery|/genres/young-adult|/genres/teen|/genres/audiobook,9780385737944,1107188,"The Maze Runner (The Maze Runner, #1)",2009
"https://www.goodreads.com/author/show/214.Norton_Juster,https://www.goodreads.com/author/show/5116.Jules_Feiffer","Norton Juster,Jules Feiffer",4.18,/genres/fantasy|/genres/fiction|/genres/childrens|/genres/classics|/genres/young-adult|/genres/childrens|/genres/middle-grade|/genres/adventure|/genres/humor|/genres/science-fiction-fantasy|/genres/childrens|/genres/juvenile,9780394820378,253559,The Phantom Tollbooth,1961
https://www.goodreads.com/author/show/61105.Dr_Seuss,Dr. Seuss,4.34,/genres/childrens|/genres/childrens|/genres/picture-books|/genres/fiction|/genres/classics|/genres/poetry|/genres/fantasy|/genres/young-adult|/genres/inspirational|/genres/kids|/genres/humor,9780679805274,340712,"Oh, the Places You'll Go!",1990
"https://www.goodreads.com/author/show/706255.Stieg_Larsson,https://www.goodreads.com/author/show/2565625.Reg_Keeland","Stieg Larsson,Reg Keeland",4.24,/genres/fiction|/genres/mystery|/genres/thriller|/genres/mystery|/genres/crime|/genres/thriller|/genres/mystery-thriller|/genres/suspense|/genres/contemporary|/genres/cultural|/genres/sweden|/genres/adult|/genres/audiobook,9780307269980,825861,"The Girl Who Played with Fire (Millennium, #2)",2006
"https://www.goodreads.com/author/show/239579.Charles_Dickens,https://www.goodreads.com/author/show/11022.Philip_Horne,https://www.goodreads.com/author/show/7161538.Gerald_Dickens,https://www.goodreads.com/author/show/7555386._,https://www.goodreads.com/author/show/14676117._","Charles Dickens,Philip Horne,Gerald Dickens,查尔斯·狄更斯,吴倩卓",3.87,/genres/classics|/genres/fiction|/genres/historical|/genres/historical-fiction|/genres/literature|/genres/novels|/genres/literature|/genres/19th-century|/genres/classics|/genres/classic-literature|/genres/european-literature|/genres/british-literature|/genres/historical|/genres/victorian|/genres/historical,NA,327297,Oliver Twist,1838
"https://www.goodreads.com/author/show/15619.Michael_Ende,https://www.goodreads.com/author/show/38449.Ralph_Manheim,https://www.goodreads.com/author/show/262689.Roswitha_Quadflieg","Michael Ende,Ralph Manheim,Roswitha Quadflieg",4.16,/genres/fantasy|/genres/classics|/genres/fiction|/genres/young-adult|/genres/childrens|/genres/adventure|/genres/european-literature|/genres/german-literature|/genres/childrens|/genres/middle-grade|/genres/science-fiction-fantasy|/genres/writing|/genres/books-about-books,9780525457589,173355,The Neverending Story,1979
"https://www.goodreads.com/author/show/854076.Robert_Louis_Stevenson,https://www.goodreads.com/author/show/2350841.David_W_Whitehead,https://www.goodreads.com/author/show/6163579.Richard_S_Hartmetz","Robert Louis Stevenson,David W. Whitehead,Richard S. Hartmetz",3.83,/genres/classics|/genres/fiction|/genres/adventure|/genres/young-adult|/genres/historical|/genres/historical-fiction|/genres/childrens|/genres/literature|/genres/adventure|/genres/pirates|/genres/fantasy|/genres/novels,9780753453803,412286,Treasure Island,1879
"https://www.goodreads.com/author/show/5144.James_Joyce,https://www.goodreads.com/author/show/2779610.Morris_L_Ernst,https://www.goodreads.com/author/show/5939039.John_M_Woolsey","James Joyce,Morris L. Ernst,John M. Woolsey",3.73,/genres/classics|/genres/fiction|/genres/literature|/genres/novels|/genres/cultural|/genres/ireland|/genres/european-literature|/genres/irish-literature|/genres/unfinished|/genres/literature|/genres/20th-century|/genres/literary-fiction|/genres/literature|/genres/banned-books,NA,113453,Ulysses,1922
https://www.goodreads.com/author/show/4725841.E_L_James,E.L. James,3.66,/genres/romance|/genres/fiction|/genres/adult-fiction|/genres/erotica|/genres/adult|/genres/erotica|/genres/bdsm|/genres/contemporary|/genres/womens-fiction|/genres/chick-lit|/genres/romance|/genres/contemporary-romance|/genres/romance|/genres/erotic-romance|/genres/adult-fiction,9781612130293,2016703,"Fifty Shades of Grey (Fifty Shades, #1)",2011
https://www.goodreads.com/author/show/861.Jean_M_Auel,Jean M. Auel,4.06,/genres/historical|/genres/historical-fiction|/genres/fiction|/genres/fantasy|/genres/historical|/genres/classics|/genres/romance|/genres/adventure|/genres/historical-fiction|/genres/prehistoric|/genres/adult|/genres/novels,NA,233954,The Clan of the Cave Bear,1980
https://www.goodreads.com/author/show/346732.George_R_R_Martin,George R.R. Martin,4.53,/genres/fantasy|/genres/fiction|/genres/fantasy|/genres/epic-fantasy|/genres/science-fiction-fantasy|/genres/fantasy|/genres/high-fantasy|/genres/adult|/genres/adventure|/genres/fantasy|/genres/dragons|/genres/audiobook|/genres/epic,9780553573428,679818,"A Storm of Swords (A Song of Ice and Fire, #3)",2000
"https://www.goodreads.com/author/show/1838.Geoffrey_Chaucer,https://www.goodreads.com/author/show/267866.Nevill_Coghill","Geoffrey Chaucer,Nevill Coghill",3.51,/genres/classics|/genres/fiction|/genres/poetry|/genres/literature|/genres/academic|/genres/school|/genres/historical|/genres/medieval|/genres/short-stories|/genres/historical|/genres/historical-fiction|/genres/classics|/genres/classic-literature|/genres/academic|/genres/read-for-school,9780140424386,192902,The Canterbury Tales,1400
https://www.goodreads.com/author/show/3075.John_Irving,John Irving,4.09,/genres/fiction|/genres/classics|/genres/contemporary|/genres/literature|/genres/novels|/genres/literary-fiction|/genres/humor|/genres/literature|/genres/american|/genres/adult-fiction|/genres/drama,9780345915597,207470,The World According to Garp,1978
https://www.goodreads.com/author/show/1455.Ernest_Hemingway,Ernest Hemingway,3.81,/genres/classics|/genres/fiction|/genres/historical|/genres/historical-fiction|/genres/war|/genres/literature|/genres/novels|/genres/literature|/genres/american|/genres/romance|/genres/classics|/genres/classic-literature|/genres/academic|/genres/school,9780099910107,268714,A Farewell to Arms,1929
"https://www.goodreads.com/author/show/239579.Charles_Dickens,https://www.goodreads.com/author/show/63801.Jeremy_Tambling","Charles Dickens,Jeremy Tambling",4.0,/genres/classics|/genres/fiction|/genres/literature|/genres/historical|/genres/historical-fiction|/genres/literature|/genres/19th-century|/genres/novels|/genres/classics|/genres/classic-literature|/genres/european-literature|/genres/british-literature|/genres/historical|/genres/victorian|/genres/audiobook,NA,202784,David Copperfield,1850
